{"Config":{"Dbms":1,"Branch":1},"Proportions":{"Binary":0.7228915662650602,"Ternary":0.25817555938037867,"Horn":0.9810671256454389,"Definite":0.25817555938037867,"Lowest":0.3360655737704918,"Low":0.08196721311475409,"High":0.28688524590163933,"Highest":0.29508196721311475}}
{"Config":{"Dbms":2,"Branch":0},"Proportions":{"Binary":0.7068690095846646,"Ternary":0.29124310194597736,"Horn":0.8504211443508568,"Definite":0.14326169038629102,"Lowest":1,"Low":0,"High":0,"Highest":0}}
{"Config":{"Dbms":2,"Branch":0},"Proportions":{"Binary":0,"Ternary":0.667590027700831,"Horn":0.6011080332409973,"Definite":0.5789473684210527,"Lowest":0,"Low":0.2839506172839506,"High":0.6790123456790124,"Highest":0.037037037037037035}}
{"Config":{"Dbms":2,"Branch":0},"Proportions":{"Binary":0.18461538461538463,"Ternary":0.4461538461538462,"Horn":0.6153846153846154,"Definite":0.6,"Lowest":0.06666666666666667,"Low":0.06666666666666667,"High":0.76,"Highest":0.10666666666666667}}
{"Config":{"Dbms":2,"Branch":0},"Proportions":{"Binary":0.17073170731707318,"Ternary":0.43902439024390244,"Horn":0.6097560975609756,"Definite":0.5975609756097561,"Lowest":0.06481481481481481,"Low":0.4074074074074074,"High":0.5277777777777778,"Highest":0}}
{"Config":{"Dbms":2,"Branch":0},"Proportions":{"Binary":0.9104744852282901,"Ternary":0.08952551477170993,"Horn":0.9104744852282901,"Definite":0,"Lowest":0.915,"Low":0.085,"High":0,"Highest":0}}
{"Config":{"Dbms":2,"Branch":2},"Proportions":{"Binary":0.8055004252906153,"Ternary":0.19208959455628014,"Horn":0.900340232492203,"Definite":0.11979018996314147,"Lowest":1,"Low":0,"High":0,"Highest":0}}
{"Config":{"Dbms":2,"Branch":3},"Proportions":{"Binary":0.7817418677859391,"Ternary":0.2088142707240294,"Horn":0.8751311647429171,"Definite":0.19517313746065057,"Lowest":0.5603448275862069,"Low":0.14655172413793102,"High":0.29310344827586204,"Highest":0}}
{"Config":{"Dbms":2,"Branch":0},"Proportions":{"Binary":0.967741935483871,"Ternary":0,"Horn":0.967741935483871,"Definite":0,"Lowest":1,"Low":0,"High":0,"Highest":0}}
{"Config":{"Dbms":1,"Branch":1},"Proportions":{"Binary":0,"Ternary":1,"Horn":0.47674418604651164,"Definite":0.386046511627907,"Lowest":0.085,"Low":0.475,"High":0.42,"Highest":0.02}}
{"Config":{"Dbms":2,"Branch":2},"Proportions":{"Binary":0,"Ternary":1,"Horn":0.5255813953488372,"Definite":0.39767441860465114,"Lowest":0.145,"Low":0.355,"High":0.49,"Highest":0.01}}
{"Config":{"Dbms":2,"Branch":2},"Proportions":{"Binary":0,"Ternary":1,"Horn":0.4906976744186046,"Definite":0.37209302325581395,"Lowest":0.13,"Low":0.375,"High":0.49,"Highest":0.005}}
{"Config":{"Dbms":2,"Branch":2},"Proportions":{"Binary":0,"Ternary":1,"Horn":0.5093023255813953,"Definite":0.3767441860465116,"Lowest":0.065,"Low":0.52,"High":0.39,"Highest":0.025}}
{"Config":{"Dbms":2,"Branch":2},"Proportions":{"Binary":0,"Ternary":1,"Horn":0.5767441860465117,"Definite":0.43023255813953487,"Lowest":0.145,"Low":0.365,"High":0.47,"Highest":0.02}}
{"Config":{"Dbms":2,"Branch":2},"Proportions":{"Binary":0,"Ternary":1,"Horn":0.513953488372093,"Definite":0.39767441860465114,"Lowest":0.125,"Low":0.445,"High":0.395,"Highest":0.035}}
{"Config":{"Dbms":2,"Branch":2},"Proportions":{"Binary":0,"Ternary":1,"Horn":0.4720930232558139,"Definite":0.3511627906976744,"Lowest":0.11,"Low":0.415,"High":0.47,"Highest":0.005}}
{"Config":{"Dbms":2,"Branch":2},"Proportions":{"Binary":0,"Ternary":1,"Horn":0.5279069767441861,"Definite":0.3883720930232558,"Lowest":0.11,"Low":0.415,"High":0.465,"Highest":0.01}}
